<application>
  <component name="FindSettings">
    <option name="customScope" value="All Places" />
    <option name="defaultScopeName" value="All Places" />
    <option name="SEARCH_SCOPE" value="All Places" />
    <option name="FILE_MASK" value="*.go" />
    <mask>*.properties</mask>
    <mask>*.html</mask>
    <mask>*.jsp</mask>
    <mask>*.xml</mask>
    <mask>*.java</mask>
    <mask>*.js</mask>
    <mask>*.as</mask>
    <mask>*.css</mask>
    <mask>*.mxml</mask>
    <mask>*.</mask>
    <mask>*.tsx</mask>
    <mask>buil.*</mask>
    <mask>*.sh</mask>
    <mask>*.ts</mask>
    <mask>*</mask>
    <mask>*.md</mask>
    <mask>*test*.go</mask>
    <mask>*.proto</mask>
    <mask>*.go</mask>
  </component>
</application>